{
    "City": "Orlando",
    "Code": "BI17",
    "ColocatedGroupName": "",
    "Country": "United States",
    "CountryCode": "US",
    "Description": "",
    "DisplayLocation": "Orlando, Florida",
    "End": "/Date(1553227140000-0400)/",
    "EndEpoch": 1553212740,
    "EventChair": "Moran,Michael Patrick",
    "EventCountOfCurrentRegistrants": 5985,
    "EventDateTime": {
        "End": "2019-03-21T16:30:00.0000000Z",
        "Start": "2019-03-17T16:00:00.0000000Z",
        "TimeZone": "America/New_York"
    },
    "EventManager": "Lacey,Stephanie",
    "EventTopic": "",
    "EventType": "Summit",
    "EventVenueName": {
        "AreaAttractions": "",
        "SpecialNeeds": "",
        "TravelInfo": ""
    },
    "GroupName": "data-analytics",
    "IsPrivateEvent": false,
    "MarketingImageHeaderUrl": null,
    "MarketingURL": "https://www.gartner.com/en/conferences/na/data-analytics-us",
    "PublishStatus": "Published",
    "RegionCode": "NA",
    "RegionName": "North America",
    "RegisteredImageHeaderUrl": null,
    "RegistrationLink": "https://www.gartner.com/en/conferences/na/data-analytics-us/register",
    "Role": "",
    "Roles": [
        {
            "IsHeaderRole": true,
            "IsPrimary": true,
            "Name": "Data and Analytics"
        }
    ],
    "Start": "/Date(1552881600000-0400)/",
    "StartEpoch": 1552867200,
    "State": "FL",
    "SupportedLanguageCodes": null,
    "SupportedLanguages": null,
    "TimeZone": "Eastern Standard Time",
    "Title": "Gartner Data & Analytics Summit"
}